Year,Fire Number in Year,Unique Fire Number,Latitude,Longitude,Fire Name,Fire Area From Fire Report (ha),Fire Area From Operational Fire Map (ha),Fire Area From Aerial Photos or Orthophotos (ha),Fire Area From Time Since Fire Map (ha),Fire Area From LANDSAT Analysis With Operational Consultation (ha),Final Estimate of Total Area Burned (ha),Final Estimate of Mixedwood Boreal (Forest) Area Burned (ha),Final Estimate of Aspen Parkland (Grassland) Area Burned (ha)
Année,Nombre d’identification de l’incendie dans l’année,Nombre d’identification unique de l’incendie,Latitude,Longitude,Nom de l’incendie,Superficie de l’incendie d’après le rapport d’incendie (ha),Superficie de l’incendie d’après la carte opérationnelle des incendies (ha),Superficie de l’incendie d’après les photos aériennes ou les orthophotos (ha),Superficie de l’incendie d’après la carte du temps depuis le dernier incendie (ha),Superficie de l’incendie d’après les analyses de LANDSAT avec consultation des cartes opérationnelles (ha),Estimation finale de la superficie totale brûlée (ha),Estimation finale de la superficie (de forêt) boréale mixte brûlée (ha),Estimation finale de la tremblaie-parc (prairie) brûlée (ha)
1930,1,1930PA1,53.6706009,106.024498,SOUTH PARK BOUNDARY,41.3,,,,,41.3,0,41.3
1930,3,1930PA3,53.6851006,106.024498,ALONG WASKESIU ROAD,165.3,,,,,165.3,0,165.3
1930,4,1930PA4,53.6268997,106.4422989,NEAR RABBIT CABIN,264.5,,,,,264.5,0,264.5
1930,5,1930PA5,53.6706009,106,ALONG SE BOUNDARY,0.2,,,,,0.2,0,0.2
1930,6,1930PA6,53.6268997,106.294899,SUGAR CREEK,264.5,,,,,264.5,0,264.5
1930,7,1930PA7,53.5978012,106.0980988,CAME FROM SETTLEMENT,1.7,,,,,1.7,0,1.7
1930,8,1930PA8,53.6414986,106.0491028,WASKESIU,0,,,,,0,0,0
1930,9,1930PA9,53.7141991,106,NEAR MERIDEAN CABIN,0,,,,,0,0,0
1930,10,1930PA10,54.0634003,106.2228012,HEART LAKE PORTAGE,0,,,,,0,0,0
1930,11,1930PA11,54.3107986,106.4997025,LAVALLEE LAKE,413.2,,,,,413.2,413.2,0
1930,12,1930PA12,53.8596992,106.0246964,CIGARETTE FIRE,0,,,,,0,0,0
1930,13,1930PA13,53.7141991,106,NEAR SANDY LAKE,53.7,,,,,53.7,53.7,0
1931,1,1931PA1,53.7141991,106,RED RIVER,0.5,,,,,0.5,0.5,0
1931,3,1931PA3,53.6851006,106.6633987,VALLROND DISTRICT,446.3,,,,,446.3,0,446.3
1931,4,1931PA4,53.5833015,106.2702026,W. ANDERSONS REPORT,402.9,,,,,402.9,0,402.9
1931,6,1931PA6,53.6559982,106.319397,SETTLEMENT CREWS,82.6,,,,,82.6,0,82.6
1931,7,1931PA7,53.6706009,106.0491028,NO NAME,0,,,,,0,0,0
1931,8,1931PA8,54.0634003,106.1485977,HEART LAKES,0,,,,,0,0,0
1933,1,1933PA1,53.8451996,106.0494995,NO NAME,0.8,,,,,0.8,0.8,0
1933,3,1933PA3,53.6559982,106.245697,NO NAME,0,,,,,0,0,0
1933,4,1933PA4,54.0634003,106.1485977,SW SHORE CREAN LAKE,0.2,,,,,0.2,0.2,0
1933,5,1933PA5,54.0634003,106.1485977,1 MILE E CREAN CABIN,0,,,,,0,0,0
1933,6,1933PA6,54.0634003,106.4459991,SOUTH OF BAGWA LAKE,1.2,,,,,1.2,1.2,0
1934,1,1934PA1,53.6414986,106.0737,W ANDERSONS REPORT,0,,,,,0,0,0
1934,2,1934PA2,54.0634003,106.1485977,HEART LAKES,0,,,,,0,0,0
1934,3,1934PA3,53.9761009,106,PROSPECT POINT,0,,,,,0,0,0
1934,4,1934PA4,54.1507988,106.4497986,NW SHORE KINGSMERE L,0,,,,,0,0,0
1934,5,1934PA5,53.5978012,106.1227036,HOMESTEADERS BURN,5,,,,,5,0,5
1934,6,1934PA6,53.5978012,106.1965027,HOMESTEADERS BURN,70.2,,,,,70.2,0,70.2
1935,1,1935PA1,53.6414986,106.1473999,POSSIBLY FISHERMEN,0,,,,,0,0,0
1935,2,1935PA2,53.6559982,106.0491028,MERIDIAN CABIN,2.1,,,,,2.1,0,2.1
1935,3,1935PA3,53.7141991,106,WEST SIDE SANDY LAKE,1.2,,,,,1.2,1.2,0
1935,4,1935PA4,54.2234993,106.4747009,LAV/KING PORTAGE,186,,,,,186,186,0
1935,5,1935PA5,54.1362,106.0497971,CREAN LAKE,0,,,,,0,0,0
1935,6,1935PA6,53.7288017,106.6194992,HAYING OPERATION,34,,,,,34,0,34
1936,2,1936PA2,53.5978012,106.2455978,PEELS-SOUTH BOUNDARY,8.3,,,,,8.3,0,8.3
1936,4,1936PA4,54.2234993,106.2997971,SANCTUARY LAKE,2285.1,,,1859.9,,1859.9,1859.9,0
1936,5,1936PA5,54.0634003,106.4954987,BAGWA LAKE,2272.7,,,1532,,1532,1532,0
1936,6,1936PA6,53.5978012,106.2701035,HERTZOG-SOUTH BOUND.,0.4,,,,,0.4,0,0.4
1936,7,1936PA7,53.7288017,106.2229996,SPRUCE RIVER,0.8,,,,,0.8,0.8,0
1936,8,1936PA8,54.0634003,106.3220978,KINGSMERE,0.1,,,,,0.1,0.1,0
1936,9,1936PA9,54.2089005,106.574501,PAQUIN LAKE,1900.8,,,,,1900.8,1900.8,0
1936,10,1936PA10,54.3252983,106,CLEARWATER,3380.2,,,,,3380.2,3380.2,0
1936,11,1936PA11,53.6414986,106.0981979,SANDY LAKE,0.6,,,,,0.6,0.6,0
1936,12,1936PA12,53.6559982,106.0491028,ON ROAD N SANDY LK,0,,,,,0,0,0
1936,13,1936PA13,54.2817001,106.1248016,TIBISKA LAKE,0.8,,,,,0.8,0.8,0
1936,14,1936PA14,54.2817001,106.2746964,WEST OF WASSEGAM LK,190.1,,,,,190.1,190.1,0
1936,15,1936PA15,53.8451996,106.0246964,NAMEKUS LAKE,0,,,,,0,0,0
1936,16,1936PA16,53.9034004,106.0743027,MONTREAL LAKE ROAD,0.3,,,,,0.3,0.3,0
1936,17,1936PA17,53.7141991,106,HALKLETT LAKE W SIDE,0,,,,,0,0,0
1936,18,1936PA18,53.9179001,106.0742035,WASKESIU LAKE,0,,,,,0,0,0
1936,19,1936PA19,53.7288017,106.6443024,AMYOT LAKE,0.3,,,,,0.3,0,0.3
1936,20,1936PA20,53.7579002,106.6442032,RAT LAKE,68.2,,,,,68.2,0,68.2
1936,21,1936PA21,53.6851006,106.6143036,AMYOT LAKE,0,,,,,0,0,0
1936,22,1936PA22,54.1944008,106.0498962,TIBISKA LAKE,196.3,,,,,196.3,196.3,0
1936,23,1936PA23,54.26,106.07,Missing Fire S Tibiska,,,,1624,,1624,1624,0
1936,24,1936PA24,54.25,106.14,Missing Fire E Tibiska,,,,87,,87,87,0
1937,1,1937PA1,53.8596992,106.718399,WEST BOUNDARY,148.8,,,,,148.8,148.8,0
1937,2,1937PA2,53.8014984,106.5947037,GERMAN CR/LOFTHOUSE,661.2,,,,,661.2,661.2,0
1937,4,1937PA4,53.7141991,106.1473999,SANDY LAKE,618,,,,,618,618,0
1937,5,1937PA5,54.1652985,106.1249008,N END CREAN LAKE,12,,,,,12,12,0
1937,8,1937PA8,53.6268997,106.4422989,RABBIT CABIN,0.8,,,,,0.8,0,0.8
1937,10,1937PA10,54.0489006,106.2475967,SE SHORE CREAN LAKE,0.6,,,,,0.6,0.6,0
1937,11,1937PA11,54.2671013,106.0498962,TIBISKA LAKE,905,,,,,905,905,0
1937,12,1937PA12,53.7141991,106,SANDY LAKE,0,,,,,0,0,0
1937,14,1937PA14,53.6706009,106,SPRUCE RIVER,1.9,,,,,1.9,1.9,0
1937,16,1937PA16,53.5833015,106.2702026,SE PARK BOUNDARY,70.2,,,,,70.2,0,70.2
1937,18,1937PA18,54.3107986,106.0249023,MACLENNAN R./BELL L.,1.2,,,,,1.2,1.2,0
1937,19,1937PA19,53.6996994,106,ANGLING LAKE,0,,,,,0,0,0
1937,20,1937PA20,53.5833015,106.024498,SOUTH BOUNDARY,0,,,,,0,0,0
1937,21,1937PA21,53.8888016,106,NAMEKUS WARDEN CABIN,0,,,,,0,0,0
1938,1,1938PA1,53.5978012,106.024498,SPRUCE RIVER,0,,,,,0,0,0
1938,2,1938PA2,53.6414986,106.024498,STURGEON RIVER,3.7,,,,,3.7,0,3.7
1938,3,1938PA3,53.9324989,106.0742035,WASKESIU,0,,,,,0,0,0
1938,4,1938PA4,53.7141991,106,SANDY LAKE,1.2,,,,,1.2,1.2,0
1938,5,1938PA5,53.6851006,106.1719971,CAMP 3 LK. ELK TRAIL,0.4,,,,,0.4,0.4,0
1938,6,1938PA6,53.6268997,106.294899,OWEN LAKE S SHORE,1.2,,,,,1.2,0,1.2
1938,7,1938PA7,54.33,106,MISSING FIRE RECORD-NE CORNER,,,,1292.2,,1292.2,1292.2,0
1938,8,1938PA8,53.6706009,106,RIFLE RANGE SPRUCE R,16.5,,,,,16.5,0,16.5
1939,1,1939PA1,53.7141991,106.024498,SPRUCE RIVER,4.1,,,,,4.1,4.1,0
1939,4,1939PA4,53.8161011,106.7185974,PORCUPINE,29.8,,,,,29.8,0,29.8
1939,7,1939PA7,54.0489006,106.3963013,KINGSMERE,0,,,,,0,0,0
1939,8,1939PA8,53.9324989,106.1734009,KINGS ISLAND L. WASK,0,,,,,0,0,0
1939,10,1939PA10,53.8014984,106.0740967,ROAD SLASHING FIRE,0,,,,,0,0,0
1939,11,1939PA11,53.8014984,106.0740967,SW OF NAMEKUS LAKE,0,,,,,0,0,0
1939,14,1939PA14,53.6706009,106.6144028,BEAR TRAP,0.2,,,,,0.2,0,0.2
1940,1,1940PA1,53.7723999,106.6937027,SNARE LAKE,0.2,,,,,0.2,0,0.2
1940,3,1940PA3,53.7869987,106.7434006,LOFTHOUSE CK FLATS,10.7,,,,,10.7,0,10.7
1940,6,1940PA6,53.5978012,106.1227036,GRAVEL PIT,66.1,,,,,66.1,0,66.1
1940,7,1940PA7,53.5541992,106,SUGAR CREEK,9604,,,6164,,6164,0,6164
1940,8,1940PA8,53.7141991,106.7124023,MATZ STURGEON RIVER,103.3,,,,,103.3,0,103.3
1940,9,1940PA9,53.8014984,106.7434006,CROSSMAN PLACE,103.3,,,,,103.3,0,103.3
1940,10,1940PA10,53.8451996,106.7434006,WEBBS- STURGEON R.,53.7,,,,,53.7,53.7,0
1940,11,1940PA11,53.6996994,106.6878967,MILLERS-STURGEON R.,0.8,,,,,0.8,0,0.8
1940,12,1940PA12,53.6559982,106.6144028,ERICKSONS-STURGEON R,24.8,,,,,24.8,0,24.8
1940,13,1940PA13,53.6268997,106.1473999,CAMP14 FIRE,29784,,,32830,,32830,25715.6,7114.4
1940,14,1940PA14,53.7141991,106.589798,CROSSING FIRE,3600,,,346,,346,0,346
1940,15,1940PA15,53.8014984,106.0740967,BOUNDARY FIRE,5320,,,2501,,2501,0,2501
1940,16,1940PA16,53.6559982,106.0981979,SANDY LAKE,8.3,,,,,8.3,8.3,0
1940,22&23,1940PA22 & 1940PA23,53.6706009,106.5651016,FOX CREEK,353.3,,,257,,257,0,257
1941,1,1941PA1,53.6559982,106.589798,ERLINGS-STURGEON R,10.7,,,,,10.7,0,10.7
1941,2,1941PA2,54.3252983,106.5997009,LAVALLEE LAKE,14545.5,,,14898,,14898,14898,0
1941,5,1941PA5,53.6996994,106.5650024,FOX CREEK,165.3,,,,,165.3,0,165.3
1941,6,1941PA6,54.1507988,106.7497025,STRANGE LAKE W BDRY,132.2,,,,,132.2,132.2,0
1941,9,1941PA9,53.9761009,106,GOLF COURSE,0,,,,,0,0,0
1941,10,1941PA10,53.9324989,106.1981964,KING ISLAND,0,,,,,0,0,0
1941,11,1941PA11,54.237999,106.4497986,LAVALLEE L. HOLDOVER,1.2,,,,,1.2,1.2,0
1941,12,1941PA12,53.8888016,106.2973022,NIMROD LAKE,1.9,,,,,1.9,1.9,0
1941,13,1941PA13,53.6996994,106.6878967,STURGEON GRAVEL PIT,0.2,,,,,0.2,0,0.2
1941,14,1941PA14,53.5251007,106.0490036,PAIGNTON BEACH,0,,,,,0,0,0
1941,17,1941PA17,53.7288017,106.6443024,RANCH POACHERS FIRE,0,,,,,0,0,0
1942,1,1942PA1,53.6851006,106.6633987,PRIMUS-STURGEON R.,206.6,,,,,206.6,0,206.6
1942,11,1942PA11,53.6268997,106,LENNOX LEASE,6017.8,,,,,6017.8,3810.8,2207
1942,12,1942PA12,53.5978012,106.1719971,CAMP14,103.3,,,,,103.3,103.3,0
1942,14,1942PA14,53.8888016,106.7434006,JERVIS,0,,,,,0,0,0
1942,15,1942PA15,53.7433014,106.0246964,HIGH HUBEL,1.4,,,,,1.4,1.4,0
1942,18,1942PA18,53.6559982,106.0491028,SANDY LAKE,0,,,,,0,0,0
1942,19,1942PA19,53.6996994,106.2455978,ELK,62,,,,,62,62,0
1942,16&17,1942PA16 & 1942PA17,53.8888016,106.4459991,ANTOINE LAKE & 57 CABIN,26240,,,26054,,26054,26054,0
1943,1,1943PA1,53.8014984,106.7434006,PANTER,41.3,,,,,41.3,0,41.3
1943,2,1943PA2,53.6414986,106.5652008,FOX CREEK,4.5,,,,,4.5,0,4.5
1943,6,1943PA6,53.6706009,106.6634979,STURGEON RIVER FLAT,124,,,,,124,0,124
1943,8,1943PA8,53.6996994,106.6389008,BIG LAKE,0,,,,,0,0,0
1943,9,1943PA9,53.5978012,106.3929977,FOSGREEN VALLEY,330.6,,,,,330.6,0,330.6
1944,1,1944PA1,53.6996994,106.6633987,HALFWAY MEADOWS,0.8,,,,,0.8,0,0.8
1944,4,1944PA4,54.0197983,106.5932007,RABBIT FIRE,0.8,,,,,0.8,0.8,0
1944,6,1944PA6,54.0197983,106.0246964,WASKESIU RIVER,41.3,,,,,41.3,41.3,0
1944,7,1944PA7,53.5541992,106.0491028,SOUTH BOUNDARY,1.2,,,,,1.2,0,1.2
1944,8,1944PA8,53.6851006,106.5159988,FOX CREEK,17.4,,,,,17.4,0,17.4
1946,1,1946PA1,53.6559982,106.589798,ERLING CREEK,66,,,,,66,0,66
1946,2,1946PA2,53.6996994,106.7125015,VEERS FIRE,5,,,,,5,5,0
1947,1,1947PA1,53.6559982,106.3440018,HUNTERS LAKE,66.1,,,,,66.1,0,66.1
1948,1,1948PA1,53.8306007,106.098999,HOLIDAY,0.1,,,,,0.1,0.1,0
1948,2,1948PA2,53.7723999,106.6194992,BEAR LAKE TRAIL,12.4,,,,,12.4,12.4,0
1949,1,1949PA1,53.6124001,106,MERIDIAN LAKE,129.5,,,,,129.5,0,129.5
1949,2,1949PA2,53.7579002,106.6937027,CAMP LAKE,3949.7,,,,,4379.2,4379.2,0
1949,3,1949PA3,53.5978012,106.3929977,O'LEARY MEADOWS,129.5,,,,,129.5,0,129.5
1949,4,1949PA4,53.5833015,106.3440018,SUGAR CREEK,0.8,,,,,0.8,0,0.8
1949,5,1949PA5,54.2234993,106.0484009,MACLENNAN RIVER,129.5,,,,,129.5,129.5,0
1949,6,1949PA6,53.8306007,106.0494995,NAMEKUS,1.2,,,,,1.2,1.2,0
1950,1,1950PA1,54.0634003,106.1485977,LIGHTNING,0,,,,,0,0,0
1950,2,1950PA2,54.0634003,106.1485977,CAMPFIRE,2.4,,,,,2.4,2.4,0
1951,1,1951PA1,53.5978012,106.0736008,MAYVIEW CORNER,3.4,,,,,3.4,0,3.4
1952,1,1952PA1,53.7141991,106.589798,STURGEON CROSSING,7687,,,8633.6,,8633.6,2437.4,6196.2
1953,1,1953PA1,54.237999,106.3995972,WASAW,2,,,,,2,2,0
1953,2,1953PA2,53.585,106.495,UNKNOWN,73.8,,,73.8,,73.8,0,73.8
1960,1,1960PA1,53.8596992,106.718399,KIYAM LAKE,0,,,,,0,0,0
1961,1,1961PA1,54.2234993,106.3747025,MONEY LAKE,0.1,,,,,0.1,0.1,0
1961,2,1961PA2,54.2817001,106.1248016,TIBISKA LAKE,343.9,,,,,343.9,343.9,0
1961,3,1961PA3,53.7288017,106.3964005,LEROY LAKE FIRE,2.5,,,,,2.5,2.5,0
1961,4,1961PA4,53.6559982,106,SPRUCE RIVER,0.1,,,,,0.1,0.1,0
1961,5,1961PA5,53.6706009,106,SPRUCE RIVER #2,0.8,,,,,0.8,0.8,0
1962,1,1962PA1,54.1799011,106.3247986,SANCTUARY FIRE,22.3,,,,,22.3,22.3,0
1962,2,1962PA2,54.1217003,106.2746964,CREAN LAKE,0.1,,,,,0.1,0.1,0
1962,3,1962PA3,54.0343018,106.3468018,KINGSMERE RIVER,0.4,,,,,0.4,0.4,0
1962,4,1962PA4,53.6268997,106.024498,MCKENZIE CREEK,0.1,,,,,0.1,0,0.1
1962,5,1962PA5,53.9761009,106.4459991,EGG LAKE,0.4,,,,,0.4,0.4,0
1962,6,1962PA6,53.6851006,106.0490036,KINOWA LAKE,0.3,,,,,0.3,0.3,0
1962,7,1962PA7,53.6414986,106,POACHER LAKE,10.1,,,,,10.1,0,10.1
1962,8,1962PA8,54.0343018,106.4954987,LILY LAKE,0.8,,,,,0.8,0.8,0
1962,9,1962PA9,53.6706009,106.1227036,FISH LAKE,264.5,,,179.2,,179.2,159.6,19.6
1963,1,1963PA1,53.6851006,106.5651016,FOX CREEK,6.2,,,,,6.2,0,6.2
1964,1,1964PA1,53.6124001,106,LENNOX LEASE,0.1,,,,,0.1,0,0.1
1964,2,1964PA2,54.0343018,106.1485977,LOST LAKE,0.7,,,,,0.7,0.7,0
1964,3,1964PA3,53.9906998,106.1238022,OLD LINE FIRE,0.1,,,,,0.1,0.1,0
1964,4,1964PA4,54.2961998,106.1747971,PARK PROVINCIAL,0.5,,,,,0.5,0.5,0
1964,5,1964PA5,54.0926018,106.4497986,PEASE POINT FIRE,0.4,,,,,0.4,0.4,0
1964,6,1964PA6,54.03,106.417,KINGSMERE RIVER,0.1,,,,,0.1,0.1,0
1964,10,1964PA10,54.3252983,106.1499023,TIBISKA-WASAGAMIN,5024.8,,,4213,,4213,4213,0
1967,1,1967PA1,53.9179001,106.0742035,TOWN DUMPGROUND,0.8,,,,,0.8,0.8,0
1967,2,1967PA2,53.6706009,106,SPRUCE RIVER,0.2,,,,,0.2,0.2,0
1967,3,1967PA3,53.8014984,106.5947037,LOFTHOUSE CREEK,2066.1,,,1891.8,,1891.8,40.3,1851.5
1967,4,1967PA4,54.1217003,106.6247025,NAMEKUS LAKE,0.1,,,,,0.1,0.1,0
1967,5,1967PA5,54.1217003,106.6247025,PURVIS LAKE,16,,,,,16,16,0
1967,6,1967PA6,54.0489006,106.4708023,LILY LAKE,0.8,,,,,0.8,0.8,0
1968,1,1968PA1,54.2089005,106.574501,LAVALEE HIGHLANDS,0.8,,,,,0.8,0.8,0
1969,1,1969PA1,54.2089005,106.4245987,MONEY LAKE FIRE,3.3,,,,,3.3,3.3,0
1969,2,1969PA2,53.8306007,106.3469009,ANTOINE LAKE FIRE,3.2,,,,,3.2,3.2,0
1972,1,1972PA1,53.6559982,106.1719971,FISH HOOK,0.2,,,,,0.2,0.2,0
1972,2,1972PA2,54.1799011,106.5246964,BLADEBONE,0.5,,,,,0.5,0.5,0
1975,1,1975PA1,53.9761009,106.1485977,NO NAME,0.1,,,,,0.1,0.1,0
1975,2,1975PA2,53.7141991,106,MACKENZIE CREEK-HWY,0.2,,,,,0.2,0.2,0
1975,3,1975PA3,53.6268997,106,SPRUCE RIVER,0.2,,,,,0.2,0.2,0
1976,1,1976PA1,54.1652985,106.2748032,4 MILES NW MOOSE BAY,12,,,,,12,12,0
1976,2,1976PA2,54.237999,106.4497986,4 1/2 M W. SANCT. T.,0.7,,,,,0.7,0.7,0
1976,3,1976PA3,54.1799011,106.4997025,2 M W. SANCTUARY T.,0.1,,,,,0.1,0.1,0
1976,4,1976PA4,54.064,106.283,CHIPEWYAN NOVEMBER,0.1,,,,,0.1,0.1,0
1976,5,1976PA5,53.587,106.129,HAYFIELD,0.7,,,,,0.7,0,0.7
1977,1,1977PA1,54.3252983,106.2997971,3 M E. WABENO LAKE,0.1,,,,,0.1,0.1,0
1977,2,1977PA2,54.1507988,106.1499023,E. OF CREAN LAKE,0.3,,,,,0.3,0.3,0
1977,3,1977PA3,53.9906998,106.0897003,E. OF CREAN LAKE,0.8,,,,,0.8,0.8,0
1980,1,1980PA1,54.0926018,106.2748032,CREAN/CHIP PORTAGE,0.1,,,,,0.1,0.1,0
1980,2,1980PA2,54.2089005,106.3747025,WASAW,0.1,,,,,0.1,0.1,0
1980,3,1980PA3,54.2234993,106.2745972,WASAGAM LAKE,0.1,,,,,0.1,0.1,0
1980,4,1980PA4,54.0197983,106.1980972,CREAN LAKE,0.1,,,,,0.1,0.1,0
1980,5,1980PA5,54.0197983,106.1980972,CREAN LAKE,0.1,,,,,0.1,0.1,0
1980,6,1980PA6,53.9761009,106,MCPHEE,0,,,,,0,0,0
1980,7,1980PA7,54.0343018,106.1980972,SE OF CREAN LAKE,0.1,,,,,0.1,0.1,0
1981,1,1981PA1,54.1799011,106.1248016,CREAN LAKE,0.2,,,,,0.2,0.2,0
1981,2,1981PA2,54.237999,106.2997971,LAVALLEE LAKE,0.5,,,,,0.5,0.5,0
1981,3,1981PA3,54.0926018,106.7246017,KINGSMERE LAKE,0.2,,,,,0.2,0.2,0
1982,1,1982PA1,54.237999,106.5997009,BLADEBONE,0,,,,,0,0,0
1982,2,1982PA2,54.237999,106.5997009,PAQUIN,0,,,,,0,0,0
1982,3,1982PA3,54.1507988,106.2997971,KINGSMERE,0,,,,,0,0,0
1982,4,1982PA4,53.9761009,106.2973022,57 TRAIL,0.7,,,,,0.7,0.7,0
1982,5,1982PA5,54.1799011,106.6247025,BLADEBONE,1.5,,,,,1.5,1.5,0
1982,6,1982PA6,53.9616013,106.2723007,NARROWS,1,,,,,1,1,0
1982,7,1982PA7,53.9469986,106.2229004,KINGS ISLAND,0.2,,,,,0.2,0.2,0
1982,8,1982PA8,54.0779991,106.4748001,LILY LAKE,0.1,,,,,0.1,0.1,0
1983,1,1983PA1,54.2671013,106.3748016,WASAW LAKE,0.1,,,,,0.1,0.1,0
1983,3,1983PA3,54.0926018,106,CREAN LAKE,0.5,,,,,0.5,0.5,0
1984,1,1984PA1,54.2526016,106.0748978,TIBISKA LAKE,0,,,,,0,0,0
1984,2,1984PA2,54.1507988,106.5997009,MITIWANGA,97,,,55.3,,55.3,55.3,0
1984,3,1984PA3,54.1362,106.6745987,MITIWANGA,0,,,,,0,0,0
1984,4,1984PA4,54.0634003,106,WASKESIU RIVER,0.2,,,,,0.2,0.2,0
1984,5,1984PA5,53.7141991,106.024498,SPRUCE RIVER,0.2,,,,,0.2,0.2,0
1984,6,1984PA6,54.0489006,106.4459991,CLARE LAKE,0,,,,,0,0,0
1984,7,1984PA7,54.1944008,106.3498001,WASAW LAKE,0,,,,,0,0,0
1984,8,1984PA8,54.0634003,106.1485977,JACKFISH BAY,0,,,,,0,0,0
1984,9,1984PA9,54.0197983,106.1734009,HEART LAKES,0,,,,,0,0,0
1984,10,1984PA10,54.2671013,106.1248016,TIBISKA LAKE,0,,,,,0,0,0
1984,11,1984PA11,53.9469986,106.2475967,57 TRAIL,0.1,,,,,0.1,0.1,0
1984,12,1984PA12,54.237999,106.1499023,MOOSE BAY,0,,,,,0,0,0
1984,13,1984PA13,54.2234993,106.0249023,MCLENNAN RIVER,0,,,,,0,0,0
1986,1,1986PA1,53.9761009,106.1485977,WASKESIU LAKE,0,,,,,0,0,0
1986,2,1986PA2,54.237999,106.4497986,SANCTUARY LAKE,300,,,123.4,,123.4,123.4,0
1986,3,1986PA3,54.237999,106.4497986,BLADEBONE LAKE,0,,,,,0,0,0
1986,4,1986PA4,54.1507988,106.4497986,BAGWA LAKE,0,,,,,0,0,0
1986,5,1986PA5,53.964,106.303,NARROWS,0.1,,,,,0.1,0.1,0
1986,6,1986PA6,53.792,106.667,LOFTHOUSE CREEK,0.4,,,,,0.4,0,0.4
1987,1,1987PA1,53.975,106.296,NARROWS,0.1,,,,,0.1,0.1,0
1987,2,1987PA2,53.9678001,106.2972031,TREEBEARD,0.1,,,,,0.1,0.1,0
1987,3,1987PA3,54.1220016,106.1628036,PETERSON POINT,0.1,,,,,0.1,0.1,0
1987,4,1987PA4,53.9343987,106.3098984,57 TRAIL,0.5,,,,,0.5,0.5,0
1987,5,1987PA5,53.9453011,106.3787994,MOOSE CREEK,0.1,,,,,0.1,0.1,0
1987,6,1987PA6,54.7812004,106.2983017,CREAN,0.1,,,,,0.1,0.1,0
1987,7,1987PA7,54.6461983,106.3188019,WASSEGAM,0.1,,,,,0.1,0.1,0
1987,8,1987PA8,54.1442986,106.55,BLADEBONE,0.1,,,,,0.1,0.1,0
1987,9,1987PA9,54.0256996,106.2609024,CREAN LAKE,0.1,,,,,0.1,0.1,0
1987,10,1987PA10,54.0225983,106.4531021,WASKESIU,0.1,,,,,0.1,0.1,0
1987,11,1987PA11,54.0648003,106.5295029,BAGWA,0.1,,,,,0.1,0.1,0
1987,12,1987PA12,54.6461983,106.3188019,WASSEGAM-CREAN II,0.7,,,,,0.7,0.7,0
1987,13,1987PA13,54.0574989,106.5413971,BAGWA II,0,,,,,0,0,0
1988,1,1988PA1,54.3953018,106.2397995,MOOSE BAY,0.1,,,,,0.1,0.1,0
1988,2,1988PA2,53.6980019,106.3100967,ELK LAKE,0.2,,,,,0.2,0,0.2
1988,3,1988PA3,54.0826988,106.0363998,BIG ISLAND,0.8,,,,,0.8,0.8,0
1988,4,1988PA4,54.1267014,106.7414017,STRANGE LAKE,18,,,17.7,,17.7,17.7,0
1988,5,1988PA5,54.1380997,106.066803,CREAN LAKE,0.1,,,,,0.1,0.1,0
1988,6,1988PA6,53.9183998,106.2927017,NARROWS,0.1,,,,,0.1,0.1,0
1988,7,1988PA7,54.0191994,106.3613968,WASAW LAKE,0.1,,,,,0.1,0.1,0
1988,8,1988PA8,54.4121017,106.428299,UNKNOWN,0.1,,,,,0.1,0.1,0
1988,9,1988PA9,53.7883987,106.4207001,ANTOINE LAKE,0.1,,,,,0.1,0.1,0
1988,10,1988PA10,54.0228004,106.196701,JACKFISH BAY,0.5,,,,,0.5,0.5,0
1988,11,1988PA11,54.1227989,106.0709991,CREAN RIVER,0.1,,,,,0.1,0.1,0
1989,1,1989PA1,53.9166985,106.1007996,PROSPECT POINT,0.1,,,,,0.1,0.1,0
1989,2,1989PA2,53.8061981,106.7721024,STINKING LAKE,0.1,,,,,0.1,0.1,0
1989,3,1989PA3,53.8443985,106.3998032,WOLF FIRE,0.1,,,,,0.1,0.1,0
1989,4,1989PA4,54.3263016,106.5391998,LAVALLEE,0.1,,,,,0.1,0.1,0
1989,5,1989PA5,54.0830002,106.3619995,CHIP LAKE,0.1,,,,,0.1,0.1,0
1989,6,1989PA6,54.7061005,106.5674973,BLADE BONE,0.1,,,,,0.1,0.1,0
1989,7,1989PA7,54.2696991,106.3911972,WASAW LAKE,0.1,,,,,0.1,0.1,0
1989,8,1989PA8,53.9765015,106.1481018,CREAN LAKE,0.1,,,,,0.1,0.1,0
1989,9,1989PA9,54.086,106.361,UNKNOWN,,,,8.3,,8.3,8.3,0
1990,1,1990PA1,54.2541008,106.4182968,FIRST,0.1,,,,,0.1,0.1,0
1990,2,1990PA2,54.2556992,106.3538971,WASAW FIRE,0.1,,,,,0.1,0.1,0
1990,4,1990PA4,54.2779007,106.4513016,SMOKE (PUFF),0.1,,,,,0.1,0.1,0
1990,5,1990PA5,54.3084984,106.3694,TREETOP,0.1,,,,,0.1,0.1,0
1990,6,1990PA6,54.1139984,106.0524979,CREAN LAKE,1.5,,,,,1.5,1.5,0
1990,7,1990PA7,54.5483017,106.2258987,MOOSE BAY,9,,,7.5,,7.5,7.5,0
1990,8,1990PA8,54.2420998,106.2781982,COCHON,0.1,,,,,0.1,0.1,0
1990,9,1990PA9,53.8978996,106.0895996,WASKESIU,0.1,,,,,0.1,0.1,0
1992,1,1992PA1,53.8726006,106.1118011,SHADY LAKE,0.1,,,,,0.1,0.1,0
1992,2,1992PA2,54.7817001,106.2516022,O'CANADA,0,,,,,0,0,0
1992,3,1992PA3,54.6128006,106.0513,SPRUCE,0.1,,,,,0.1,0.1,0
1992,4,1992PA4,54.1245995,106.069603,CREAN,0.1,,,,,0.1,0.1,0
1992,5,1992PA5,53.8166008,106.0389023,NAMEKUS,0.1,,,,,0.1,0.1,0
1993,1,1993PA1,53.5917015,106.0500031,SOUTHEND,0.1,,,,,0.1,0,0.1
1993,2,1993PA2,53.9804001,106.2946014,NARROWS,0.1,,,,,0.1,0.1,0
1993,3,1993PA3,53.9963989,106.1363983,HEART LAKES,0.1,,,,,0.1,0.1,0
1994,1,1994PA1,53.5875015,106.1299973,GRASSY,0.5,,,,,0.5,0,0.5
1994,2,1994PA2,54.5647011,106.3733978,SMOKEY,0.1,,,,,0.1,0.1,0
1995,1,1995PA1,54.0489998,106.4999008,LILY LAKE,0.5,,,,,0.5,0.5,0
1995,2,1995PA2,53.7804985,106.0607986,PINEGROVE,1,,,,,1,1,0
1995,3,1995PA3,53.6379013,106.5942001,STURGEON,375,,307.1,,226,307.1,0,307.1
1995,4,1995PA4,54.2360992,106.0777969,TIBISKA,2.5,,2.2,,,2.2,2.2,0
1995,5,1995PA5,54.3149986,106.0916977,SMALL,0.5,,,,,0.5,0.5,0
1995,6,1995PA6,54.3093987,106.0522003,NE BOUNDARY,0.1,,,,,0.1,0.1,0
1996,1,1996PA1,54.0928001,106.5631027,KINGSMERE,20,20,16.4,,,16.4,16.4,0
1996,2,1996PA2,54.4852982,106.4321976,WASAW,2178,1896.4,1927.7,,1735.8,1735.5,1735.5,0
1997,1,1997PA1,53.801899,106.3011017,ANTOINE,0.1,,,,,0.1,0.1,0
1997,2,1997PA2,53.9418983,106.3011017,NARROWS,0.1,,,,,0.1,0.1,0
1997,3,1997PA3,54.2000008,106.6680984,PAQUIN SOUTH,0.1,,,,,0.1,0.1,0
1997,4,1997PA4,54.1357994,106.7350006,STRANGE (N),8,,3.2,,,8,8,0
1997,5,1997PA5,54.1343994,106.7350006,STRANGE (E),3,,2.5,,,2.5,2.5,0
1997,7,1997PA7,54.1847,106.6853027,WEIR,0.1,,,,,0.1,0.1,0
1997,8,1997PA8,54.2178001,106.5357971,LAVALEE,0.1,,,,,0.1,0.1,0
1997,9,1997PA9,54.2174988,106.5353012,SURFACE,0.1,,,,,0.1,0.1,0
1997,10,1997PA10,54.2338982,106.5674973,SMOOTHSTONE,0.1,,,,,0.1,0.1,0
1997,11,1997PA11,53.9338989,106.0344009,HOWARD'S,0.1,,,,,0.1,0.1,0
1997,12,1997PA12,53.9180984,106.7335968,CHARLIES,0.1,,,,,0.1,0.1,0
1997,13,1997PA13,54.4244003,106.618103,ACE,0.1,,,,,0.1,0.1,0
1997,14,1997PA14,54.3288994,106.7435989,BETWEEN,0.1,,,,,0.1,0.1,0
1997,16,1997PA16,54.1113,106.6922,HEMMING,0.1,,,,,0.1,0.1,0
1997,17,1997PA17,54.1178017,106.0689011,CREAN,0.1,,,,,0.1,0.1,0
1998,1,1998PA1,53.6646996,106.0642014,KINOWA TRAIL,0.1,,,,,0.1,0.1,0
1998,2,1998PA2,54.1775017,106.5089035,SANCTUARY,0.5,,,,,0.5,0.5,0
1998,3,1998PA3,53.6646996,106.5483017,PARISH CREEK,0.1,,,,,0.1,0.1,0
1998,4,1998PA4,54.2467003,106.0642014,BELL LAKE,0.1,,,,,0.1,0.1,0
1998,5,1998PA5,54.2230988,106.0317001,MCLENNAN RIVER,0.1,,,,,0.1,0.1,0
1998,6,1998PA6,54.1296997,106.5849991,PORTAGE,0.2,,,,,0.2,0.2,0
1998,7,1998PA7,54.1055984,106.6264038,WEST KING,0.1,,,,,0.1,0.1,0
1998,8,1998PA8,54.1486015,106.5849991,BLADEBONE,0.5,,,,,0.5,0.5,0
1998,9,1998PA9,54.0750008,106.3927994,CHIP NW,0.1,,,,,0.1,0.1,0
1998,10,1998PA10,54.0903015,106.0077972,WASKESIU,1800,790.6,,,1587,756.3,756.3,0
1998,11,1998PA11,54.2966995,106.4531021,WABENO,2.5,,,,,2.5,2.5,0
1998,12,1998PA12,54.1838989,106.0958023,COBRA,4200,4232.3,,,3460,3460,3460,0
1998,13,1998PA13,54.3182983,106.2172012,CAT FIRE,0,,,,,0,0,0
1998,14,1998PA14,54.2341995,106.6885986,PAQUIN,2,,,,,2,2,0
1999,1,1999PA1,54.25,106.0832977,Mac Lake control line burns,15,87.1,,,,15.8,15.8,0
1999,2,1999PA2,54.2193985,106.1331024,Tibiska A & B,35,35.2,,,36.9,36.9,36.9,0
1999,3,1999PA3,54.1671982,106.2358017,NorthCrean Creek,0.1,,,,,0.1,0.1,0
1999,4,1999PA4,54.3156013,106.3118973,MacLennan,0.1,,,,,0.1,0.1,0
2000,1,2000PA1,53.7192001,106.7210999,Sturgeon,1,,,,,1,1,0
2000,2,2000PA2,53.5861015,106.0500031,Southend,4,2.7,,,,2.7,0,2.7
2001,2,2001PA2,53.5769005,106.3268967,Stump Lake,1,,,,,1,0,1
2001,3,2001PA3,54.1315002,106.2257996,Wasaw Lake,1,,,,,1,1,0
2001,4,2001PA4,54.0419006,106.3957977,Wood Road,0.1,,,,,0.1,0.1,0
2001,5,2001PA5,54.2538986,106.2652969,Wassegam,7,,,,,7,7,0
2001,6,2001PA6,53.6608009,106.0744019,Sandy Lake,0.1,,,,,0.1,0,0.1
2001,7,2001PA7,53.6369019,106.2694016,Camplake,0.5,,,,,0.5,0,0.5
2001,8,2001PA8,53.9249992,106.0582962,Party Fire,0.1,,,,,0.1,0.1,0
2001,10,2001PA10,53.6394005,106.1243973,Elk Trail,0.5,,,,,0.5,0,0.5
2002,2,2002PA2,53.6375008,106.0667038,East Gate,0.1,,,,,0.1,0,0.1
2002,3,2002PA3,53.6389008,106.125,Sandy,0.3,,,,,0.3,0,0.3
2002,4,2002PA4,53.6333008,106.4610977,Rabbit Creek,0.5,,,,,0.5,0,0.5
2002,5,2002PA5,53.7052994,106.3535995,Spruce Lake,0.1,,,,,0.1,0.1,0
2002,7,2002PA7,54.2317009,106.6044006,Smoothstone River,0.1,,,,,0.1,0.1,0
2002,8,2002PA8,53.9716988,106.5582962,Parish Creek,0.1,,,,,0.1,0.1,0
2002,9,2002PA9,54.2167015,106.5444031,Lavallee,2830,2771.3,,,1911.3,1911.3,1911.3,0
2002,10,2002PA10,54.0111008,106.1141968,Lost Lake,0.1,,,,,0.1,0.1,0
2002,11,2002PA11,54.0541992,106.5475006,Bagwa Lake,0.5,,,,,0.5,0.5,0
2002,12,2002PA12,53.7832985,106.4150009,Lofthouse Brook,0.5,,,,,0.5,0.5,0
2002,13,2002PA13,53.7985992,106.4569016,Antoine Lake,0.1,,,,,0.1,0.1,0
2002,14,2002PA14,54.2916985,106.2082977,Wassiska Control Line,100,87.7,,,105.5,105.5,105.5,0
2002,1,2002PA1,53.9110985,106.0749969,PB Waskesiu Fuel Break,112,109.1,,,118.1,100,100,0
2002,15,2002PA15,53.9110985,106.0749969,PB Waskesiu Fuel Break,112,109.1,,,118.1,18.1,18.1,0
2003,1,2003PA1,54.2667007,106,Mac Lake PB Control line burn,20,15.5,,,,15.5,15.5,0
2003,2,2003PA2,53.5833015,106.0333023,Southend StationHaz. Red. PB,2,3.2,,,,3.2,0,3.2
2003,3,2003PA3,53.9166985,106.0832977,CFB,2.5,,,,,2.5,0,2.5
2003,4,2003PA4,54.3535995,106.1006012,Mac Lakes PB,0.5,,,,,0.5,0.5,0
2003,5,2003PA5,54.3086014,106.3833008,Wabeno #5,0.5,,,,,0.5,0.5,0
2003,6,2003PA6,53.8974991,106.0667038,Powerline windfall,0.5,,,,,0.5,0.5,0
2003,7,2003PA7,54.2125015,106.1781006,Huckleberry,0.2,,,,,0.2,0.2,0
2003,8,2003PA8,53.8778,106.2160034,Aspen,0.1,,,,,0.1,0.1,0
2003,9,2003PA9,54.1944008,106.3486023,Northend,30,29.1,,,31.6,31.6,31.6,0
2005,1,2005PA1,53.5875015,106.0457993,South End,4.5,2.7,,,,4.5,0,4.5
2005,2,2005PA2,53.5883,106.125,Herzog,16,,,,,16,0,16
2006,1,2006PA1,53.5958405,106.4250031,Sugar Creek PB,742,1017,,,735.7,735.7,0,735.7
2006,2,2006PA2,53.9166985,106.0830994,Community Fuel Break,10,5.2,,,10.5,10.5,10.5,0
2006,3,2006PA3,54.0699997,106.7518997,Stone,0.6,,,,,0.6,0.6,0
2006,4,2006PA4,54.239,106.4878,Lavallee East,3.2,3.2,,,,3.2,3.2,0
2006,5,2006PA5,54.2672005,106.1564026,Tibiska,4,3.7,,,,4.2,4.2,0
2006,6,2006PA6,54.0924988,106.6100006,Henderson,2112,2105,,,904.1,904.1,904.1,0
2006,7,2006PA7,54.8499985,106.0669022,Bluebell,0.1,,,,,0.1,0.1,0
2007,1,2007PA1,53.0750008,106.069397,Fuel break,7,7.6,,,,7.6,7.6,0
2007,2,2007PA2,54.2310982,106.0239029,Mac Lake Excursion,27,25.3,,,28.5,28.5,28.5,0
2007,3,2007PA3,54.0705986,106.0111008,Boundary,0.5,,,,,0.5,0.5,0
2008,1,2008PA1,53.5667,106.0500031,Paspiwin,7,6.6,,,,6.6,0,6.6
2008,2,2008PA2,53.9333,106.0999985,CFB,4,5.2,,,,5.2,5.2,0
2008,3,2008PA3,54.1389008,106.0877991,Crean,0.1,,,,,0.1,0.1,0
2008,4,2008PA4,54.1050987,106.0444031,Karl,0.1,,,,,0.1,0.1,0
2009,1,2009PA1,53.8167,106.7583,Erickson Prescribed Fire,90,,,,93,93,93,0
2009,2,2009PA2,53.6,106.4331,Sugar Creek,1075,1088.5,,,770.2,770.2,0,770.2
2009,5,2009PA5,54.1728,106.4586,Rawhide,0.5,,,,,0.5,0.5,0
2009,6,2009PA6,54.1808,106.7686,Nigel,26,25.8,,,27.4,27.4,27.4,0
2009,7,2009PA7,54.2019,106.0603,Shirley Dawn,30,31.3,,,31.6,31.3,31.3,0
2009,8,2009PA8,54.2422,106.4086,O'Brodovich,4200,4197.8,,,3420.8,3420.8,3420.8,0
2009,9,2009PA9,54.1594,106.6689,Mitawanga,0.1,,,,,0.1,0.1,0
2009,10,2009PA10,54.1456,106.4747,Beaverlodge,0.1,,,,,0.1,0.1,0
2009,11,2009PA11,54.0214,106.2931,Heart,0.1,,,,,0.1,0.1,0
2009,12,2009PA12,54.2872,106.3417,Aspen,0.2,,,,,0.2,0.2,0
2009,13,2009PA13,54.2067,106.1842,Anahareo,4.5,2.6,,,2.7,2.7,2.7,0
2009,14,2009PA14,54.1689,106.1886,Crean One,0.1,,,,,0.1,0.1,0
2009,15,2009PA15,54.165,106.1594,Crean Two,0.1,,,,,0.1,0.1,0
2009,16,2009PA16,54.165,106.1681,Crean Three,0.1,,,,,0.1,0.1,0
2009,17,2009PA17,53.7861,106.3336,Nimrod,0.1,,,,,0.1,0.1,0
2009,18,2009PA18,53.8264,106.48,Lofthouse,204,202.9,,,140.4,140.4,140.4,0
2009,19,2009PA19,53.7294,106.3681,Spruce Lake,16,18.8,,,16.9,16.9,16.9,0
2009,20,2009PA20,53.8014,106.3861,Antoine Lake,0.1,,,,,0.1,0.1,0
2009,21,2009PA21,54.1619,106.6458,Collingwood,25,26.7,,,26.4,26.7,26.7,0
2009,22,2009PA22,54.244,106.102,Mac Lakes PB,0.1,,,,,0.1,0.1,0
2009,3 & 4,2009PA3 & 2009PA4,54.1742,106.4433,Grey Owl and Jellyroll,408,408,,,206.5,206.5,206.5,0
2010,1,2010PA1,53.5847,106.54,Wasstrom's Flats,130,,,,157.3,130,0,130
2010,2,2010PA2,53.6,106.5167,Wasstrom's,30,,,,,30,0,30
2010,3,2010PA3,54.067,106.5025,Hidden Lake,1,,,,,1,0,1
2010,4,2010PA4,54.218,106.32,Black Spruce,205,204.3,,,126.3,126.3,126.3,0
2011,1,2011PA1,53.602,106.518,Wasstrom's  Flats Prescribed Fire,300,252,,,192.8,192.8,0,192.8
2011,2,2011PA2,53.908,106.079,Waskesiu CFB,35,33,,,36.9,36.9,36.9,0
2011,3,2011PA3,53.584,160.5,Jack Pine,240,302,,,296.2,296.2,0,296.2
2011,4,2011PA4,53.64,106.15,Powerline  ,10,7,,,10.5,10.5,0,10.5
2011,5,2011PA5,53.9325,106.4683,Wawe,25,26,,,26.4,26.4,26.4,0
2012,1,2012PA1,53.7,106.67,Paskwaw Mostos,80,78,,,84.4,84.4,0,84.4
2012,2,2012PA2,53.6,106.4,Sugar Creek,880,910,,,819.7,819.7,0,819.7
2012,3,2012PA3,53.9,106.1,Waskesiu CFB,40,40,,,42.2,42.2,42.2,0
2012,4,2012PA4,53.92,106.08,Fire Department,0.2,,,,,0.2,0.2,0
2012,5,2012PA5,53.67,106.65,Long Meadow,26,26,,,27.4,27.4,0,27.4
2013,1,2013PA1,53.75,106.7,Snare Lake,25,,,,26.4,26.4,0,26.4
2013,2,2013PA2,53.7,106.65,Walrod Meadows,10,,,,10.5,10.5,0,10.5
2013,3,2013PA3,53.92,106.08,Waskesiu CFB,45,,,,47.5,47.5,0,47.5
2013,4,2013PA4,53.55,106.5,Wasstrom's Flats,750,,778,,,778,0,778
2013,5,2013PA5,53.52,106.5,Cookson Pasture,340,,336,,,5,0,5
2014,1,2014PA1,53.6,106.55,Millard,2300,,,,1339.2,1339.2,0,1339.2
2014,2,2014PA2,53.55,106.48,Sugar/Wasstrom's Guard,125,,,,,125,0,125
2015,1,2015PA1,53.9,106.1,Waskesiu CFB,40,40,,,42.2,42.2,42.2,0
2015,2,2015PA2,53.7,106.6,Paskwaw Mostos,145,,,,126.4,126.4,0,126.4
2015,3,2015PA3,53.6,106.4,Sugar Creek,850,,,,749,749,0,749
2015,4,2015PA4,53.55,106.5,Wasstrom's Flats,1050,,,,622.8,622.8,0,622.8
2015,5,2015PA5,54.25,106.28,Calypso,9500,,,,8619.7,8619.7,8619.7,0
2015,6,2015PA6,53.85,106.17,Shady,0.1,,,,,0.1,0.1,0
2015,7,2015PA7,53.76,106.08,Freight Trail,0.2,,,,,0.2,0.2,0
2015,8,2015PA8,54.08,106.5,Wassegam Camp,0.2,,,,,0.2,0.2,0
2015,9,2015PA9,53.58,106.05,Paspiwin Guards,25,,,,,25,0,25
2016,1,2016PA1,53.586,106.053,South End Meadows,830,,,,,830,0,830
2016,2,2016PA2,53.908,106.079,Waskesiu CFB,45,,,,,45,45,0
2017,1,2017PA1,53.908,106.079,Waskesiu CFB,56,,,,,56,56,0
2017,2,2017PA2,53.62,106.52,Millard,693,,,,,693,0,693
2017,3,2017PA3,54.1022,106.0631,National,0.5,,,,,0.5,0.5,0
2017,4,2017PA4,53.6,106.6,Wasstrom's Guards,30,,,,,30,0,30
2018,1,2018PA1,53.908,106.079,Waskesiu CFB,54,,,,,54,54,0
2018,2,2018PA2,53.595,106.519,Wasstrom's Flats,50,,,,,834,0,834
2018,3,2018PA3,53.633,106.541,Millard,5,,,,,1483,0,1483
2018,4,2018PA4,53.6,106.5,Rabbit,36000,,18745,,20228,20228,9545,10683
2018,5,2018PA5,53.736,106.097,Sandy North,0.1,,,,,0.1,0,0.1
2018,6,2018PA6,53.813,106.018,Namekus Lake,1.2,,,,,1.2,1.2,0
2019,1,2019PA1,53.908,106.079,Waskesiu CFB,40,,,,,40,40,0
2019,2,2019PA2,53.9714,106.1311,Birch Bay,0.1,,,,,0.1,0.1,0
